,Benutzername,Matrikelnummer,Testergebnis in Punkten,Maximal erreichbare Punktezahl,Testergebnis als Note,Bereits bearbeitete Fragen,Gesamtzahl der Fragen,Prozentsatz (vollstÃ¤ndig bearbeitet),Bearbeitungsdauer,Durchschnittliche Bearbeitungsdauer,Erster Aufruf,Letzter Aufruf,Dem Median zugeordnete Note,Rang der Teilnehmerin,Dem Median zugeordneter Rang,Gesamtzahl der Teilnehmer,Median der erzielten Punkte des Testergebnisses,Bewerteter Durchlauf,Durchlauf,Wasserkocher a),Wasserkocher b),Wasserkocher c),Wasserkocher d),Wasserkocher e),Wasserkocher f),Wasserkocher g),Wasserkocher h),Wasserkocher i),Wasserkocher j)
0,0,0,6.0,10.0,bestanden,10.0,10.0,100%,00:28:31,00:02:51,1555334275000000000,1555337871000000000,bestanden,232.0,139.5,278.0,6.0,2.0,2,1.0,1.0,1.0,1.0,0.0,0.0,0.0,0.0,1.0,1.0
1,1,1,6.0,10.0,bestanden,10.0,10.0,100%,00:27:20,00:02:44,1556061840000000000,1556063546000000000,bestanden,232.0,139.5,278.0,6.0,1.0,1,1.0,0.0,1.0,1.0,0.0,0.0,0.0,1.0,1.0,1.0
2,2,2,7.0,10.0,bestanden,10.0,10.0,100%,00:43:09,00:04:18,1555255642000000000,1555258749000000000,bestanden,127.0,139.5,278.0,6.0,2.0,2,1.0,1.0,1.0,1.0,0.0,0.0,0.0,1.0,1.0,1.0
3,3,3,7.0,10.0,bestanden,9.0,10.0,90%,00:37:06,00:04:07,1555587218000000000,1555590572000000000,bestanden,127.0,139.5,278.0,6.0,2.0,2,1.0,1.0,1.0,1.0,0.0,1.0,0.0,0.0,1.0,1.0
4,4,4,6.0,10.0,bestanden,7.0,10.0,70%,00:03:24,00:00:29,1555430319000000000,1555430629000000000,bestanden,232.0,139.5,278.0,6.0,1.0,1,1.0,0.0,1.0,1.0,0.0,0.0,0.0,1.0,1.0,1.0
5,5,5,4.0,10.0,nicht bestanden,9.0,10.0,90%,00:20:47,00:02:18,1556054728000000000,1556058169000000000,bestanden,258.0,139.5,278.0,6.0,3.0,3,1.0,0.0,0.0,1.0,0.0,0.0,0.0,0.0,1.0,1.0
6,6,6,7.0,10.0,bestanden,7.0,10.0,70%,00:02:42,00:00:23,1556018216000000000,1556018423000000000,bestanden,127.0,139.5,278.0,6.0,1.0,1,1.0,1.0,1.0,1.0,0.0,0.0,0.0,1.0,1.0,1.0
7,7,7,6.0,10.0,bestanden,10.0,10.0,100%,00:18:59,00:01:53,1556050636000000000,1556051918000000000,bestanden,232.0,139.5,278.0,6.0,2.0,2,1.0,1.0,1.0,1.0,0.0,0.0,0.0,0.0,1.0,1.0
8,8,8,7.0,10.0,bestanden,10.0,10.0,100%,00:28:44,00:02:52,1555531885000000000,1555533640000000000,bestanden,127.0,139.5,278.0,6.0,1.0,1,1.0,0.0,1.0,1.0,1.0,0.0,0.0,1.0,1.0,1.0
9,9,9,6.0,10.0,bestanden,7.0,10.0,70%,00:11:43,00:01:40,1555342970000000000,1555343738000000000,bestanden,232.0,139.5,278.0,6.0,1.0,1,1.0,1.0,1.0,1.0,0.0,0.0,0.0,0.0,1.0,1.0
10,10,10,6.0,10.0,bestanden,10.0,10.0,100%,00:36:17,00:03:37,1555951706000000000,1556035974000000000,bestanden,232.0,139.5,278.0,6.0,2.0,2,1.0,1.0,1.0,1.0,0.0,0.0,0.0,0.0,1.0,1.0
11,11,11,6.0,10.0,bestanden,10.0,10.0,100%,00:14:43,00:01:28,1555424753000000000,1555425930000000000,bestanden,232.0,139.5,278.0,6.0,1.0,1,1.0,1.0,1.0,0.0,0.0,0.0,0.0,1.0,1.0,1.0
12,12,12,9.0,10.0,bestanden,10.0,10.0,100%,00:21:17,00:02:07,1556033455000000000,1556034791000000000,bestanden,14.0,139.5,278.0,6.0,1.0,1,1.0,1.0,1.0,1.0,1.0,0.0,1.0,1.0,1.0,1.0
13,13,13,6.0,10.0,bestanden,10.0,10.0,100%,00:13:48,00:01:22,1555501457000000000,1555503050000000000,bestanden,232.0,139.5,278.0,6.0,1.0,1,1.0,0.0,1.0,1.0,0.0,0.0,1.0,0.0,1.0,1.0
14,14,14,6.0,10.0,bestanden,6.0,10.0,60%,00:16:44,00:02:47,1555004766000000000,1555353072000000000,bestanden,232.0,139.5,278.0,6.0,3.0,3,1.0,0.0,1.0,1.0,0.0,0.0,0.0,1.0,1.0,1.0
15,15,15,2.0,10.0,nicht bestanden,5.0,10.0,50%,00:07:23,00:01:28,1556057224000000000,1556058069000000000,bestanden,268.0,139.5,278.0,6.0,1.0,1,0.0,0.0,0.0,1.0,0.0,0.0,0.0,0.0,0.0,1.0
16,16,16,6.0,10.0,bestanden,10.0,10.0,100%,00:41:55,00:04:11,1555341222000000000,1555432061000000000,bestanden,232.0,139.5,278.0,6.0,2.0,2,1.0,1.0,1.0,1.0,0.0,0.0,0.0,0.0,1.0,1.0
17,17,17,6.0,10.0,bestanden,6.0,10.0,60%,00:36:49,00:06:08,1555330423000000000,1555352873000000000,bestanden,232.0,139.5,278.0,6.0,3.0,3,1.0,0.0,1.0,1.0,0.0,0.0,0.0,1.0,1.0,1.0
18,18,18,2.0,10.0,nicht bestanden,6.0,10.0,60%,00:08:55,00:01:29,1555517389000000000,1555518043000000000,bestanden,268.0,139.5,278.0,6.0,1.0,1,0.0,0.0,1.0,1.0,0.0,0.0,0.0,0.0,0.0,0.0
19,19,19,6.0,10.0,bestanden,8.0,10.0,80%,00:14:44,00:01:50,1556036905000000000,1556047452000000000,bestanden,232.0,139.5,278.0,6.0,2.0,2,1.0,0.0,1.0,1.0,0.0,0.0,0.0,1.0,1.0,1.0
20,20,20,6.0,10.0,bestanden,9.0,10.0,90%,00:36:35,00:04:03,1556040694000000000,1556043713000000000,bestanden,232.0,139.5,278.0,6.0,2.0,2,1.0,1.0,0.0,1.0,0.0,0.0,0.0,1.0,1.0,1.0
21,21,21,4.0,10.0,nicht bestanden,9.0,10.0,90%,00:13:18,00:01:28,1555170727000000000,1555172308000000000,bestanden,258.0,139.5,278.0,6.0,1.0,1,1.0,0.0,1.0,1.0,0.0,0.0,0.0,0.0,1.0,0.0
22,22,22,7.0,10.0,bestanden,10.0,10.0,100%,00:20:13,00:02:01,1555431133000000000,1555432816000000000,bestanden,127.0,139.5,278.0,6.0,1.0,1,1.0,0.0,1.0,1.0,1.0,0.0,0.0,1.0,1.0,1.0
23,23,23,5.0,10.0,nicht bestanden,10.0,10.0,100%,00:22:02,00:02:12,1555407611000000000,1555409378000000000,bestanden,246.0,139.5,278.0,6.0,1.0,1,1.0,0.0,0.0,1.0,1.0,0.0,0.0,0.0,1.0,1.0
24,24,24,3.0,10.0,nicht bestanden,4.0,10.0,40%,00:24:10,00:06:02,1555070788000000000,1555072720000000000,bestanden,264.0,139.5,278.0,6.0,1.0,1,1.0,0.0,1.0,1.0,0.0,0.0,0.0,0.0,0.0,0.0
25,25,25,0.0,10.0,nicht bestanden,10.0,10.0,100%,00:01:27,00:00:08,1555412698000000000,1555412820000000000,bestanden,278.0,139.5,278.0,6.0,1.0,1,0.0,0.0,0.0,0.0,0.0,0.0,0.0,0.0,0.0,0.0
26,26,26,8.0,10.0,bestanden,10.0,10.0,100%,00:26:29,00:02:38,1554982897000000000,1554984522000000000,bestanden,53.0,139.5,278.0,6.0,1.0,1,1.0,0.0,1.0,1.0,1.0,1.0,1.0,1.0,0.0,1.0
27,27,27,6.0,10.0,bestanden,10.0,10.0,100%,00:39:06,00:03:54,1555587087000000000,1555591582000000000,bestanden,232.0,139.5,278.0,6.0,2.0,2,1.0,0.0,1.0,1.0,0.0,0.0,0.0,1.0,1.0,1.0
28,28,28,8.0,10.0,bestanden,10.0,10.0,100%,00:19:14,00:01:55,1556018547000000000,1556019735000000000,bestanden,53.0,139.5,278.0,6.0,1.0,1,1.0,1.0,0.0,1.0,1.0,1.0,0.0,1.0,1.0,1.0
29,29,29,6.0,10.0,bestanden,10.0,10.0,100%,00:19:37,00:01:57,1554988608000000000,1554989923000000000,bestanden,232.0,139.5,278.0,6.0,1.0,1,1.0,0.0,1.0,1.0,0.0,0.0,0.0,1.0,1.0,1.0
30,30,30,8.0,10.0,bestanden,10.0,10.0,100%,00:19:14,00:01:55,1555422179000000000,1555423371000000000,bestanden,53.0,139.5,278.0,6.0,1.0,1,1.0,1.0,1.0,1.0,1.0,0.0,0.0,1.0,1.0,1.0
31,31,31,4.0,10.0,nicht bestanden,6.0,10.0,60%,00:10:01,00:01:40,1556062879000000000,1556063628000000000,bestanden,258.0,139.5,278.0,6.0,1.0,1,1.0,0.0,1.0,1.0,0.0,0.0,0.0,0.0,0.0,1.0
32,32,32,6.0,10.0,bestanden,10.0,10.0,100%,00:33:07,00:03:18,1555068713000000000,1555077490000000000,bestanden,232.0,139.5,278.0,6.0,3.0,3,1.0,0.0,1.0,1.0,0.0,0.0,0.0,1.0,1.0,1.0
33,33,33,8.0,10.0,bestanden,10.0,10.0,100%,00:16:35,00:01:39,1554984366000000000,1554985414000000000,bestanden,53.0,139.5,278.0,6.0,1.0,1,1.0,1.0,1.0,1.0,0.0,0.0,1.0,1.0,1.0,1.0
34,34,34,1.0,10.0,nicht bestanden,4.0,10.0,40%,00:12:37,00:03:09,1556024928000000000,1556025940000000000,bestanden,271.0,139.5,278.0,6.0,1.0,1,0.0,0.0,1.0,0.0,0.0,0.0,0.0,0.0,0.0,0.0
35,35,35,7.0,10.0,bestanden,7.0,10.0,70%,00:28:29,00:04:04,1555778861000000000,1556036532000000000,bestanden,127.0,139.5,278.0,6.0,3.0,3,1.0,1.0,1.0,1.0,0.0,0.0,0.0,1.0,1.0,1.0
36,36,36,6.0,10.0,bestanden,10.0,10.0,100%,00:36:30,00:03:39,1555064403000000000,1555068610000000000,bestanden,232.0,139.5,278.0,6.0,2.0,2,1.0,1.0,1.0,1.0,0.0,0.0,0.0,0.0,1.0,1.0
37,37,37,4.0,10.0,nicht bestanden,10.0,10.0,100%,00:24:50,00:02:29,1555586826000000000,1555588360000000000,bestanden,258.0,139.5,278.0,6.0,1.0,1,1.0,1.0,0.0,0.0,0.0,0.0,0.0,0.0,1.0,1.0
38,38,38,6.0,10.0,bestanden,10.0,10.0,100%,00:13:37,00:01:21,1555502090000000000,1555503623000000000,bestanden,232.0,139.5,278.0,6.0,1.0,1,1.0,1.0,1.0,1.0,0.0,1.0,0.0,0.0,0.0,1.0
39,39,39,7.0,10.0,bestanden,10.0,10.0,100%,00:15:27,00:01:32,1555512474000000000,1555959134000000000,bestanden,127.0,139.5,278.0,6.0,2.0,2,1.0,0.0,1.0,1.0,0.0,1.0,0.0,1.0,1.0,1.0
40,40,40,8.0,10.0,bestanden,10.0,10.0,100%,00:20:59,00:02:05,1556033374000000000,1556034696000000000,bestanden,53.0,139.5,278.0,6.0,1.0,1,1.0,1.0,1.0,1.0,0.0,0.0,1.0,1.0,1.0,1.0
41,41,41,0.0,10.0,nicht bestanden,10.0,10.0,100%,00:02:25,00:00:14,1555010736000000000,1555010908000000000,bestanden,278.0,139.5,278.0,6.0,1.0,1,0.0,0.0,0.0,0.0,0.0,0.0,0.0,0.0,0.0,0.0
42,42,42,6.0,10.0,bestanden,7.0,10.0,70%,00:08:52,00:01:16,1555420623000000000,1555421947000000000,bestanden,232.0,139.5,278.0,6.0,1.0,1,0.0,1.0,1.0,1.0,0.0,0.0,0.0,1.0,1.0,1.0
43,43,43,7.0,10.0,bestanden,8.0,10.0,80%,00:36:31,00:04:33,1555587207000000000,1555590504000000000,bestanden,127.0,139.5,278.0,6.0,2.0,2,1.0,1.0,1.0,1.0,0.0,1.0,0.0,0.0,1.0,1.0
44,44,44,9.0,10.0,bestanden,10.0,10.0,100%,00:26:57,00:02:41,1555450853000000000,1555504921000000000,bestanden,14.0,139.5,278.0,6.0,2.0,2,1.0,1.0,1.0,1.0,1.0,0.0,1.0,1.0,1.0,1.0
45,45,45,7.0,10.0,bestanden,7.0,10.0,70%,00:05:59,00:00:51,1555352063000000000,1555593076000000000,bestanden,127.0,139.5,278.0,6.0,2.0,2,1.0,1.0,1.0,1.0,0.0,0.0,0.0,1.0,1.0,1.0
46,46,46,6.0,10.0,bestanden,7.0,10.0,70%,00:36:29,00:05:12,1555582709000000000,1555902893000000000,bestanden,232.0,139.5,278.0,6.0,3.0,3,1.0,1.0,1.0,1.0,0.0,0.0,0.0,0.0,1.0,1.0
47,47,47,3.0,10.0,nicht bestanden,10.0,10.0,100%,00:21:23,00:02:08,1556029823000000000,1556056843000000000,bestanden,264.0,139.5,278.0,6.0,1.0,1,1.0,0.0,0.0,1.0,0.0,0.0,0.0,0.0,1.0,0.0
48,48,48,6.0,10.0,bestanden,10.0,10.0,100%,00:39:40,00:03:58,1554991544000000000,1556049551000000000,bestanden,232.0,139.5,278.0,6.0,3.0,3,1.0,1.0,1.0,1.0,0.0,0.0,0.0,0.0,1.0,1.0
49,49,49,7.0,10.0,bestanden,7.0,10.0,70%,00:05:23,00:00:46,1555337927000000000,1555338302000000000,bestanden,127.0,139.5,278.0,6.0,1.0,1,1.0,1.0,1.0,1.0,0.0,0.0,0.0,1.0,1.0,1.0
50,50,50,7.0,10.0,bestanden,9.0,10.0,90%,01:15:40,00:08:24,1555168148000000000,1556063694000000000,bestanden,127.0,139.5,278.0,6.0,3.0,3,1.0,1.0,1.0,1.0,0.0,0.0,1.0,1.0,1.0,0.0
51,51,51,6.0,10.0,bestanden,6.0,10.0,60%,00:02:47,00:00:27,1555516769000000000,1555516998000000000,bestanden,232.0,139.5,278.0,6.0,1.0,1,1.0,0.0,1.0,1.0,0.0,0.0,0.0,1.0,1.0,1.0
52,52,52,6.0,10.0,bestanden,6.0,10.0,60%,00:20:24,00:03:24,1555937005000000000,1556062498000000000,bestanden,232.0,139.5,278.0,6.0,2.0,2,1.0,1.0,1.0,1.0,0.0,0.0,0.0,0.0,1.0,1.0
53,53,53,6.0,10.0,bestanden,7.0,10.0,70%,00:21:02,00:03:00,1555521524000000000,1555523145000000000,bestanden,232.0,139.5,278.0,6.0,1.0,1,1.0,1.0,0.0,1.0,0.0,0.0,0.0,1.0,1.0,1.0
54,54,54,5.0,10.0,nicht bestanden,10.0,10.0,100%,01:00:04,00:06:00,1556055513000000000,1556061534000000000,bestanden,246.0,139.5,278.0,6.0,3.0,3,0.0,1.0,1.0,1.0,0.0,0.0,0.0,0.0,1.0,1.0
55,55,55,8.0,10.0,bestanden,9.0,10.0,90%,00:44:15,00:04:55,1555407513000000000,1556013679000000000,bestanden,53.0,139.5,278.0,6.0,2.0,2,1.0,1.0,1.0,1.0,0.0,1.0,0.0,1.0,1.0,1.0
56,56,56,0.0,10.0,nicht bestanden,2.0,10.0,20%,00:10:58,00:05:29,1555597796000000000,1555598661000000000,bestanden,278.0,139.5,278.0,6.0,1.0,1,0.0,0.0,0.0,0.0,0.0,0.0,0.0,0.0,0.0,0.0
57,57,57,7.0,10.0,bestanden,10.0,10.0,100%,00:32:28,00:03:14,1555456398000000000,1556037076000000000,bestanden,127.0,139.5,278.0,6.0,2.0,2,1.0,1.0,1.0,1.0,0.0,0.0,0.0,1.0,1.0,1.0
58,58,58,7.0,10.0,bestanden,7.0,10.0,70%,00:06:15,00:00:53,1556040907000000000,1556041347000000000,bestanden,127.0,139.5,278.0,6.0,1.0,1,1.0,1.0,1.0,1.0,0.0,0.0,0.0,1.0,1.0,1.0
59,59,59,6.0,10.0,bestanden,9.0,10.0,90%,00:13:03,00:01:27,1555598569000000000,1556059194000000000,bestanden,232.0,139.5,278.0,6.0,2.0,2,1.0,1.0,1.0,1.0,0.0,0.0,0.0,0.0,1.0,1.0
60,60,60,5.0,10.0,nicht bestanden,10.0,10.0,100%,00:27:53,00:02:47,1556061857000000000,1556063697000000000,bestanden,246.0,139.5,278.0,6.0,1.0,1,1.0,0.0,1.0,1.0,0.0,0.0,0.0,0.0,1.0,1.0
61,61,61,5.0,10.0,nicht bestanden,10.0,10.0,100%,00:35:33,00:03:33,1555507685000000000,1556022781000000000,bestanden,246.0,139.5,278.0,6.0,3.0,3,1.0,0.0,1.0,1.0,0.0,0.0,0.0,0.0,1.0,1.0
62,62,62,6.0,10.0,bestanden,6.0,10.0,60%,00:16:32,00:02:45,1555958172000000000,1556037132000000000,bestanden,232.0,139.5,278.0,6.0,2.0,2,1.0,1.0,1.0,1.0,0.0,0.0,0.0,0.0,1.0,1.0
63,63,63,8.0,10.0,bestanden,8.0,10.0,80%,00:07:03,00:00:52,1555585261000000000,1555585717000000000,bestanden,53.0,139.5,278.0,6.0,1.0,1,1.0,1.0,1.0,1.0,1.0,0.0,0.0,1.0,1.0,1.0
64,64,64,6.0,10.0,bestanden,9.0,10.0,90%,01:08:36,00:07:37,1556057758000000000,1556062107000000000,bestanden,232.0,139.5,278.0,6.0,3.0,3,1.0,1.0,1.0,1.0,0.0,0.0,1.0,0.0,0.0,1.0
65,65,65,6.0,10.0,bestanden,6.0,10.0,60%,00:01:35,00:00:15,1555415702000000000,1555415839000000000,bestanden,232.0,139.5,278.0,6.0,1.0,1,1.0,0.0,1.0,1.0,0.0,0.0,0.0,1.0,1.0,1.0
66,66,66,6.0,10.0,bestanden,6.0,10.0,60%,00:01:06,00:00:11,1555415890000000000,1555415982000000000,bestanden,232.0,139.5,278.0,6.0,1.0,1,1.0,0.0,1.0,1.0,0.0,0.0,0.0,1.0,1.0,1.0
67,67,67,6.0,10.0,bestanden,7.0,10.0,70%,00:26:38,00:03:48,1555333308000000000,1555336239000000000,bestanden,232.0,139.5,278.0,6.0,2.0,2,1.0,1.0,1.0,1.0,0.0,0.0,0.0,0.0,1.0,1.0
68,68,68,8.0,10.0,bestanden,10.0,10.0,100%,00:22:22,00:02:14,1555017572000000000,1555019075000000000,bestanden,53.0,139.5,278.0,6.0,2.0,2,1.0,1.0,1.0,1.0,1.0,0.0,0.0,1.0,1.0,1.0
69,69,69,6.0,10.0,bestanden,10.0,10.0,100%,00:23:40,00:02:22,1555581463000000000,1555583239000000000,bestanden,232.0,139.5,278.0,6.0,1.0,1,1.0,1.0,1.0,0.0,0.0,0.0,0.0,1.0,1.0,1.0
70,70,70,5.0,10.0,nicht bestanden,10.0,10.0,100%,00:48:07,00:04:48,1555505934000000000,1556035212000000000,bestanden,246.0,139.5,278.0,6.0,3.0,3,1.0,0.0,1.0,1.0,0.0,0.0,0.0,0.0,1.0,1.0
71,71,71,6.0,10.0,bestanden,6.0,10.0,60%,00:03:27,00:00:34,1555510149000000000,1555510633000000000,bestanden,232.0,139.5,278.0,6.0,2.0,2,1.0,0.0,1.0,1.0,0.0,0.0,0.0,1.0,1.0,1.0
72,72,72,7.0,10.0,bestanden,8.0,10.0,80%,00:08:47,00:01:05,1556057909000000000,1556059222000000000,bestanden,127.0,139.5,278.0,6.0,1.0,1,1.0,1.0,1.0,1.0,0.0,0.0,0.0,1.0,1.0,1.0
73,73,73,7.0,10.0,bestanden,9.0,10.0,90%,00:10:04,00:01:07,1556017409000000000,1556018055000000000,bestanden,127.0,139.5,278.0,6.0,1.0,1,1.0,1.0,1.0,1.0,0.0,0.0,0.0,1.0,1.0,1.0
74,74,74,9.0,10.0,bestanden,10.0,10.0,100%,00:37:21,00:03:44,1555511383000000000,1556035430000000000,bestanden,14.0,139.5,278.0,6.0,3.0,3,1.0,1.0,1.0,1.0,1.0,0.0,1.0,1.0,1.0,1.0
75,75,75,7.0,10.0,bestanden,7.0,10.0,70%,00:22:20,00:03:11,1555368869000000000,1555422523000000000,bestanden,127.0,139.5,278.0,6.0,2.0,2,1.0,1.0,1.0,1.0,0.0,0.0,0.0,1.0,1.0,1.0
76,76,76,6.0,10.0,bestanden,10.0,10.0,100%,00:54:13,00:05:25,1555762557000000000,1555774215000000000,bestanden,232.0,139.5,278.0,6.0,3.0,3,1.0,0.0,1.0,1.0,0.0,0.0,0.0,1.0,1.0,1.0
77,77,77,8.0,10.0,bestanden,8.0,10.0,80%,00:23:28,00:02:56,1556048177000000000,1556050357000000000,bestanden,53.0,139.5,278.0,6.0,1.0,1,1.0,1.0,1.0,1.0,1.0,1.0,0.0,0.0,1.0,1.0
78,78,78,7.0,10.0,bestanden,10.0,10.0,100%,00:35:33,00:03:33,1555154214000000000,1555156923000000000,bestanden,127.0,139.5,278.0,6.0,2.0,2,1.0,0.0,1.0,1.0,1.0,0.0,0.0,1.0,1.0,1.0
79,79,79,6.0,10.0,bestanden,7.0,10.0,70%,00:10:41,00:01:31,1555420600000000000,1555421907000000000,bestanden,232.0,139.5,278.0,6.0,1.0,1,0.0,1.0,1.0,1.0,0.0,0.0,0.0,1.0,1.0,1.0
80,80,80,7.0,10.0,bestanden,10.0,10.0,100%,00:21:34,00:02:09,1555695579000000000,1555696968000000000,bestanden,127.0,139.5,278.0,6.0,1.0,1,1.0,1.0,1.0,1.0,0.0,0.0,0.0,1.0,1.0,1.0
81,81,81,6.0,10.0,bestanden,7.0,10.0,70%,00:29:57,00:04:16,1555406863000000000,1555508481000000000,bestanden,232.0,139.5,278.0,6.0,2.0,2,1.0,1.0,0.0,1.0,0.0,0.0,0.0,1.0,1.0,1.0
82,82,82,4.0,10.0,nicht bestanden,9.0,10.0,90%,00:10:12,00:01:08,1554989190000000000,1554990131000000000,bestanden,258.0,139.5,278.0,6.0,1.0,1,1.0,0.0,1.0,1.0,0.0,0.0,0.0,0.0,0.0,1.0
83,83,83,7.0,10.0,bestanden,9.0,10.0,90%,00:15:24,00:01:42,1555337415000000000,1555338897000000000,bestanden,127.0,139.5,278.0,6.0,1.0,1,1.0,1.0,1.0,1.0,0.0,0.0,0.0,1.0,1.0,1.0
84,84,84,5.0,10.0,nicht bestanden,8.0,10.0,80%,00:33:31,00:04:11,1555080034000000000,1555084077000000000,bestanden,246.0,139.5,278.0,6.0,1.0,1,0.0,0.0,1.0,1.0,0.0,0.0,0.0,1.0,1.0,1.0
85,85,85,5.0,10.0,nicht bestanden,9.0,10.0,90%,00:27:01,00:03:00,1555492113000000000,1555590197000000000,bestanden,246.0,139.5,278.0,6.0,2.0,2,0.0,0.0,1.0,1.0,0.0,0.0,0.0,1.0,1.0,1.0
86,86,86,6.0,10.0,bestanden,7.0,10.0,70%,00:31:58,00:04:34,1556033482000000000,1556043998000000000,bestanden,232.0,139.5,278.0,6.0,2.0,2,1.0,1.0,1.0,1.0,0.0,0.0,0.0,0.0,1.0,1.0
87,87,87,7.0,10.0,bestanden,7.0,10.0,70%,00:03:17,00:00:28,1555580783000000000,1555581048000000000,bestanden,127.0,139.5,278.0,6.0,1.0,1,1.0,1.0,1.0,1.0,0.0,0.0,0.0,1.0,1.0,1.0
88,88,88,1.0,10.0,nicht bestanden,9.0,10.0,90%,00:03:51,00:00:25,1556063164000000000,1556063511000000000,bestanden,271.0,139.5,278.0,6.0,1.0,1,0.0,0.0,0.0,0.0,0.0,0.0,0.0,0.0,0.0,1.0
89,89,89,6.0,10.0,bestanden,10.0,10.0,100%,00:24:50,00:02:29,1555503849000000000,1555505470000000000,bestanden,232.0,139.5,278.0,6.0,1.0,1,1.0,1.0,1.0,1.0,0.0,0.0,0.0,1.0,0.0,1.0
90,90,90,6.0,10.0,bestanden,10.0,10.0,100%,00:21:00,00:02:06,1555065926000000000,1555067247000000000,bestanden,232.0,139.5,278.0,6.0,1.0,1,1.0,1.0,1.0,1.0,0.0,0.0,0.0,0.0,1.0,1.0
91,91,91,6.0,10.0,bestanden,10.0,10.0,100%,00:32:29,00:03:14,1555366369000000000,1555371640000000000,bestanden,232.0,139.5,278.0,6.0,2.0,2,1.0,1.0,1.0,1.0,0.0,0.0,0.0,0.0,1.0,1.0
92,92,92,7.0,10.0,bestanden,10.0,10.0,100%,00:22:28,00:02:14,1555598700000000000,1555600084000000000,bestanden,127.0,139.5,278.0,6.0,1.0,1,1.0,0.0,1.0,1.0,0.0,0.0,1.0,1.0,1.0,1.0
93,93,93,7.0,10.0,bestanden,10.0,10.0,100%,00:20:37,00:02:03,1555071680000000000,1555073224000000000,bestanden,127.0,139.5,278.0,6.0,2.0,2,1.0,1.0,1.0,1.0,0.0,0.0,0.0,1.0,1.0,1.0
94,94,94,6.0,10.0,bestanden,6.0,10.0,60%,00:12:47,00:02:07,1556052837000000000,1556053964000000000,bestanden,232.0,139.5,278.0,6.0,1.0,1,1.0,0.0,1.0,1.0,0.0,0.0,0.0,1.0,1.0,1.0
95,95,95,7.0,10.0,bestanden,10.0,10.0,100%,00:30:40,00:03:04,1555407579000000000,1555513413000000000,bestanden,127.0,139.5,278.0,6.0,2.0,2,1.0,1.0,1.0,1.0,0.0,0.0,0.0,1.0,1.0,1.0
96,96,96,6.0,10.0,bestanden,8.0,10.0,80%,00:08:45,00:01:05,1556045864000000000,1556046467000000000,bestanden,232.0,139.5,278.0,6.0,1.0,1,1.0,1.0,1.0,1.0,0.0,0.0,1.0,0.0,0.0,1.0
97,97,97,7.0,10.0,bestanden,9.0,10.0,90%,00:40:07,00:04:27,1556021443000000000,1556024433000000000,bestanden,127.0,139.5,278.0,6.0,2.0,2,1.0,0.0,1.0,1.0,0.0,0.0,1.0,1.0,1.0,1.0
98,98,98,6.0,10.0,bestanden,7.0,10.0,70%,00:07:06,00:01:00,1555591846000000000,1555592605000000000,bestanden,232.0,139.5,278.0,6.0,1.0,1,1.0,1.0,1.0,1.0,0.0,0.0,0.0,0.0,1.0,1.0
99,99,99,5.0,10.0,nicht bestanden,10.0,10.0,100%,01:16:35,00:07:39,1555332320000000000,1555428760000000000,bestanden,246.0,139.5,278.0,6.0,3.0,3,1.0,1.0,0.0,1.0,0.0,0.0,0.0,0.0,1.0,1.0
100,100,100,7.0,10.0,bestanden,9.0,10.0,90%,00:23:09,00:02:34,1554986675000000000,1554988393000000000,bestanden,127.0,139.5,278.0,6.0,1.0,1,1.0,1.0,1.0,1.0,0.0,0.0,0.0,1.0,1.0,1.0
101,101,101,7.0,10.0,bestanden,8.0,10.0,80%,00:34:50,00:04:21,1556024727000000000,1556055428000000000,bestanden,127.0,139.5,278.0,6.0,2.0,2,1.0,1.0,1.0,1.0,0.0,0.0,0.0,1.0,1.0,1.0
102,102,102,6.0,10.0,bestanden,10.0,10.0,100%,00:26:36,00:02:39,1555273292000000000,1555274942000000000,bestanden,232.0,139.5,278.0,6.0,1.0,1,1.0,0.0,1.0,1.0,0.0,0.0,0.0,1.0,1.0,1.0
103,103,103,8.0,10.0,bestanden,10.0,10.0,100%,01:10:29,00:07:02,1555322857000000000,1555594873000000000,bestanden,53.0,139.5,278.0,6.0,3.0,3,1.0,1.0,1.0,1.0,0.0,1.0,0.0,1.0,1.0,1.0
104,104,104,0.0,10.0,nicht bestanden,4.0,10.0,40%,00:03:27,00:00:51,1556049701000000000,1556049931000000000,bestanden,278.0,139.5,278.0,6.0,1.0,1,0.0,0.0,0.0,0.0,0.0,0.0,0.0,0.0,0.0,0.0
105,105,105,7.0,10.0,bestanden,10.0,10.0,100%,00:47:39,00:04:45,1555270989000000000,1555440414000000000,bestanden,127.0,139.5,278.0,6.0,3.0,3,1.0,1.0,1.0,1.0,0.0,0.0,0.0,1.0,1.0,1.0
106,106,106,8.0,10.0,bestanden,10.0,10.0,100%,00:11:40,00:01:10,1554986304000000000,1554987078000000000,bestanden,53.0,139.5,278.0,6.0,1.0,1,1.0,1.0,1.0,1.0,1.0,0.0,0.0,1.0,1.0,1.0
107,107,107,6.0,10.0,bestanden,10.0,10.0,100%,00:23:26,00:02:20,1554999392000000000,1555000831000000000,bestanden,232.0,139.5,278.0,6.0,1.0,1,1.0,0.0,1.0,1.0,0.0,0.0,0.0,1.0,1.0,1.0
108,108,108,7.0,10.0,bestanden,8.0,10.0,80%,00:10:59,00:01:22,1555494696000000000,1555495953000000000,bestanden,127.0,139.5,278.0,6.0,1.0,1,1.0,0.0,1.0,1.0,0.0,0.0,1.0,1.0,1.0,1.0
109,109,109,8.0,10.0,bestanden,10.0,10.0,100%,00:33:37,00:03:21,1555271108000000000,1555273249000000000,bestanden,53.0,139.5,278.0,6.0,2.0,2,1.0,1.0,1.0,1.0,0.0,0.0,1.0,1.0,1.0,1.0
110,110,110,8.0,10.0,bestanden,10.0,10.0,100%,00:50:57,00:05:05,1555602689000000000,1556017121000000000,bestanden,53.0,139.5,278.0,6.0,3.0,3,1.0,1.0,1.0,1.0,0.0,0.0,1.0,1.0,1.0,1.0
111,111,111,6.0,10.0,bestanden,10.0,10.0,100%,00:25:46,00:02:34,1555784869000000000,1556053045000000000,bestanden,232.0,139.5,278.0,6.0,2.0,2,1.0,0.0,1.0,1.0,0.0,0.0,0.0,1.0,1.0,1.0
112,112,112,4.0,10.0,nicht bestanden,10.0,10.0,100%,00:18:16,00:01:49,1555069551000000000,1555070840000000000,bestanden,258.0,139.5,278.0,6.0,1.0,1,1.0,0.0,0.0,1.0,0.0,0.0,0.0,1.0,0.0,1.0
113,113,113,6.0,10.0,bestanden,8.0,10.0,80%,00:17:44,00:02:13,1555076637000000000,1555078339000000000,bestanden,232.0,139.5,278.0,6.0,1.0,1,1.0,1.0,1.0,1.0,0.0,0.0,0.0,0.0,1.0,1.0
114,114,114,4.0,10.0,nicht bestanden,9.0,10.0,90%,00:32:42,00:03:38,1555414966000000000,1555421196000000000,bestanden,258.0,139.5,278.0,6.0,1.0,1,0.0,0.0,1.0,1.0,0.0,0.0,1.0,0.0,0.0,1.0
115,115,115,6.0,10.0,bestanden,9.0,10.0,90%,00:19:45,00:02:11,1555420385000000000,1555422010000000000,bestanden,232.0,139.5,278.0,6.0,1.0,1,0.0,1.0,1.0,1.0,0.0,0.0,0.0,1.0,1.0,1.0
116,116,116,1.0,10.0,nicht bestanden,9.0,10.0,90%,00:01:00,00:00:06,1555412499000000000,1555412611000000000,bestanden,271.0,139.5,278.0,6.0,1.0,1,0.0,0.0,0.0,0.0,0.0,0.0,0.0,0.0,0.0,1.0
117,117,117,6.0,10.0,bestanden,10.0,10.0,100%,00:20:03,00:02:00,1555332575000000000,1555333818000000000,bestanden,232.0,139.5,278.0,6.0,1.0,1,1.0,1.0,1.0,1.0,0.0,0.0,0.0,0.0,1.0,1.0
118,118,118,7.0,10.0,bestanden,9.0,10.0,90%,00:14:03,00:01:33,1555673045000000000,1555674148000000000,bestanden,127.0,139.5,278.0,6.0,1.0,1,1.0,1.0,1.0,1.0,0.0,0.0,0.0,1.0,1.0,1.0
119,119,119,6.0,10.0,bestanden,6.0,10.0,60%,00:07:44,00:01:17,1555510652000000000,1555511184000000000,bestanden,232.0,139.5,278.0,6.0,1.0,1,1.0,1.0,1.0,1.0,0.0,0.0,0.0,0.0,1.0,1.0
120,120,120,10.0,10.0,bestanden,10.0,10.0,100%,00:30:09,00:03:00,1555590401000000000,1555767458000000000,bestanden,5.0,139.5,278.0,6.0,2.0,2,1.0,1.0,1.0,1.0,1.0,1.0,1.0,1.0,1.0,1.0
121,121,121,6.0,10.0,bestanden,10.0,10.0,100%,01:07:27,00:06:44,1555447633000000000,1555976929000000000,bestanden,232.0,139.5,278.0,6.0,3.0,3,1.0,0.0,1.0,1.0,1.0,0.0,1.0,0.0,1.0,0.0
122,122,122,2.0,10.0,nicht bestanden,10.0,10.0,100%,00:01:05,00:00:06,1555412638000000000,1555412760000000000,bestanden,268.0,139.5,278.0,6.0,1.0,1,1.0,0.0,0.0,0.0,0.0,0.0,0.0,0.0,1.0,0.0
123,123,123,6.0,10.0,bestanden,6.0,10.0,60%,00:02:35,00:00:25,1555413346000000000,1555413540000000000,bestanden,232.0,139.5,278.0,6.0,1.0,1,1.0,0.0,1.0,1.0,0.0,0.0,0.0,1.0,1.0,1.0
124,124,124,7.0,10.0,bestanden,7.0,10.0,70%,00:03:43,00:00:31,1556044628000000000,1556044901000000000,bestanden,127.0,139.5,278.0,6.0,1.0,1,1.0,1.0,1.0,1.0,0.0,0.0,0.0,1.0,1.0,1.0
125,125,125,6.0,10.0,bestanden,9.0,10.0,90%,00:14:45,00:01:38,1555421490000000000,1555422817000000000,bestanden,232.0,139.5,278.0,6.0,1.0,1,1.0,0.0,1.0,1.0,0.0,0.0,0.0,1.0,1.0,1.0
126,126,126,7.0,10.0,bestanden,7.0,10.0,70%,00:04:46,00:00:40,1555517071000000000,1555517390000000000,bestanden,127.0,139.5,278.0,6.0,1.0,1,1.0,1.0,1.0,1.0,0.0,0.0,0.0,1.0,1.0,1.0
127,127,127,6.0,10.0,bestanden,8.0,10.0,80%,00:21:02,00:02:37,1556062031000000000,1556063616000000000,bestanden,232.0,139.5,278.0,6.0,1.0,1,1.0,1.0,0.0,1.0,1.0,0.0,0.0,0.0,1.0,1.0
128,128,128,6.0,10.0,bestanden,8.0,10.0,80%,00:19:59,00:02:29,1555373529000000000,1555937343000000000,bestanden,232.0,139.5,278.0,6.0,2.0,2,1.0,0.0,1.0,1.0,0.0,0.0,0.0,1.0,1.0,1.0
129,129,129,6.0,10.0,bestanden,10.0,10.0,100%,00:55:49,00:05:34,1554996106000000000,1555000124000000000,bestanden,232.0,139.5,278.0,6.0,3.0,3,1.0,0.0,1.0,1.0,1.0,1.0,1.0,0.0,0.0,0.0
130,130,130,6.0,10.0,bestanden,7.0,10.0,70%,00:07:28,00:01:04,1556018518000000000,1556019186000000000,bestanden,232.0,139.5,278.0,6.0,2.0,2,1.0,1.0,1.0,1.0,0.0,0.0,0.0,0.0,1.0,1.0
131,131,131,6.0,10.0,bestanden,8.0,10.0,80%,00:09:32,00:01:11,1555506821000000000,1555507835000000000,bestanden,232.0,139.5,278.0,6.0,1.0,1,1.0,0.0,1.0,1.0,0.0,0.0,0.0,1.0,1.0,1.0
132,132,132,6.0,10.0,bestanden,10.0,10.0,100%,00:36:08,00:03:36,1556017349000000000,1556020871000000000,bestanden,232.0,139.5,278.0,6.0,2.0,2,1.0,0.0,1.0,1.0,0.0,0.0,0.0,1.0,1.0,1.0
133,133,133,6.0,10.0,bestanden,10.0,10.0,100%,00:54:21,00:05:26,1555012434000000000,1556036269000000000,bestanden,232.0,139.5,278.0,6.0,2.0,2,0.0,1.0,1.0,1.0,0.0,0.0,0.0,1.0,1.0,1.0
134,134,134,6.0,10.0,bestanden,9.0,10.0,90%,00:31:56,00:03:32,1555407584000000000,1555413260000000000,bestanden,232.0,139.5,278.0,6.0,2.0,2,1.0,1.0,1.0,1.0,0.0,0.0,0.0,0.0,1.0,1.0
135,135,135,8.0,10.0,bestanden,10.0,10.0,100%,00:36:49,00:03:40,1555617458000000000,1555857811000000000,bestanden,53.0,139.5,278.0,6.0,2.0,2,1.0,1.0,1.0,1.0,1.0,0.0,0.0,1.0,1.0,1.0
136,136,136,7.0,10.0,bestanden,10.0,10.0,100%,00:48:41,00:04:52,1554988714000000000,1555014029000000000,bestanden,127.0,139.5,278.0,6.0,3.0,3,1.0,0.0,1.0,1.0,1.0,0.0,0.0,1.0,1.0,1.0
137,137,137,8.0,10.0,bestanden,10.0,10.0,100%,00:21:38,00:02:09,1556042302000000000,1556043703000000000,bestanden,53.0,139.5,278.0,6.0,1.0,1,1.0,1.0,1.0,1.0,0.0,0.0,1.0,1.0,1.0,1.0
138,138,138,8.0,10.0,bestanden,10.0,10.0,100%,00:18:06,00:01:48,1555417968000000000,1555419080000000000,bestanden,53.0,139.5,278.0,6.0,1.0,1,1.0,1.0,1.0,1.0,0.0,0.0,1.0,1.0,1.0,1.0
139,139,139,7.0,10.0,bestanden,10.0,10.0,100%,00:43:58,00:04:23,1555407381000000000,1555778643000000000,bestanden,127.0,139.5,278.0,6.0,2.0,2,1.0,0.0,1.0,1.0,0.0,0.0,1.0,1.0,1.0,1.0
140,140,140,3.0,10.0,nicht bestanden,8.0,10.0,80%,00:42:40,00:05:20,1556047818000000000,1556051119000000000,bestanden,264.0,139.5,278.0,6.0,2.0,2,1.0,0.0,0.0,1.0,0.0,0.0,0.0,0.0,1.0,0.0
141,141,141,7.0,10.0,bestanden,7.0,10.0,70%,00:04:34,00:00:39,1556044287000000000,1556044644000000000,bestanden,127.0,139.5,278.0,6.0,1.0,1,1.0,1.0,1.0,1.0,0.0,0.0,0.0,1.0,1.0,1.0
142,142,142,6.0,10.0,bestanden,6.0,10.0,60%,00:02:01,00:00:20,1555586620000000000,1555586810000000000,bestanden,232.0,139.5,278.0,6.0,1.0,1,1.0,0.0,1.0,1.0,0.0,0.0,0.0,1.0,1.0,1.0
143,143,143,4.0,10.0,nicht bestanden,9.0,10.0,90%,00:28:38,00:03:10,1556052122000000000,1556060327000000000,bestanden,258.0,139.5,278.0,6.0,2.0,2,1.0,0.0,0.0,1.0,0.0,0.0,0.0,0.0,1.0,1.0
144,144,144,8.0,10.0,bestanden,8.0,10.0,80%,00:26:41,00:03:20,1556043379000000000,1556046993000000000,bestanden,53.0,139.5,278.0,6.0,2.0,2,1.0,1.0,1.0,1.0,0.0,0.0,1.0,1.0,1.0,1.0
145,145,145,6.0,10.0,bestanden,8.0,10.0,80%,00:26:47,00:03:20,1555965201000000000,1556062617000000000,bestanden,232.0,139.5,278.0,6.0,2.0,2,1.0,1.0,1.0,1.0,0.0,0.0,0.0,0.0,1.0,1.0
146,146,146,6.0,10.0,bestanden,9.0,10.0,90%,00:29:06,00:03:14,1555423036000000000,1555426546000000000,bestanden,232.0,139.5,278.0,6.0,3.0,3,1.0,0.0,1.0,1.0,0.0,0.0,0.0,1.0,1.0,1.0
147,147,147,6.0,10.0,bestanden,7.0,10.0,70%,00:05:37,00:00:48,1555335253000000000,1555335988000000000,bestanden,232.0,139.5,278.0,6.0,1.0,1,1.0,1.0,1.0,1.0,0.0,0.0,0.0,0.0,1.0,1.0
148,148,148,6.0,10.0,bestanden,10.0,10.0,100%,00:58:19,00:05:49,1555355782000000000,1555359960000000000,bestanden,232.0,139.5,278.0,6.0,2.0,2,1.0,1.0,1.0,1.0,0.0,0.0,0.0,0.0,1.0,1.0
149,149,149,6.0,10.0,bestanden,10.0,10.0,100%,00:21:24,00:02:08,1555423770000000000,1555454394000000000,bestanden,232.0,139.5,278.0,6.0,2.0,2,1.0,1.0,1.0,1.0,0.0,0.0,0.0,0.0,1.0,1.0
150,150,150,10.0,10.0,bestanden,10.0,10.0,100%,00:20:46,00:02:04,1556040639000000000,1556042011000000000,bestanden,5.0,139.5,278.0,6.0,1.0,1,1.0,1.0,1.0,1.0,1.0,1.0,1.0,1.0,1.0,1.0
151,151,151,0.0,10.0,nicht bestanden,0.0,10.0,0%,00:00:00,00:00:00,1554989950000000000,1554990000000000000,bestanden,278.0,139.5,278.0,6.0,1.0,1,0.0,0.0,0.0,0.0,0.0,0.0,0.0,0.0,0.0,0.0
152,152,152,8.0,10.0,bestanden,9.0,10.0,90%,00:45:29,00:05:03,1555439008000000000,1555445374000000000,bestanden,53.0,139.5,278.0,6.0,3.0,3,1.0,1.0,1.0,1.0,0.0,0.0,1.0,1.0,1.0,1.0
153,153,153,5.0,10.0,nicht bestanden,10.0,10.0,100%,00:48:07,00:04:48,1555012570000000000,1555763661000000000,bestanden,246.0,139.5,278.0,6.0,3.0,3,1.0,0.0,1.0,1.0,0.0,0.0,0.0,0.0,1.0,1.0
154,154,154,8.0,10.0,bestanden,10.0,10.0,100%,00:28:45,00:02:52,1554982366000000000,1554985932000000000,bestanden,53.0,139.5,278.0,6.0,2.0,2,1.0,1.0,1.0,1.0,0.0,0.0,1.0,1.0,1.0,1.0
155,155,155,8.0,10.0,bestanden,10.0,10.0,100%,00:22:13,00:02:13,1556057495000000000,1556058867000000000,bestanden,53.0,139.5,278.0,6.0,1.0,1,1.0,1.0,1.0,1.0,0.0,1.0,1.0,0.0,1.0,1.0
156,156,156,7.0,10.0,bestanden,10.0,10.0,100%,00:24:10,00:02:25,1555684695000000000,1555686303000000000,bestanden,127.0,139.5,278.0,6.0,1.0,1,1.0,1.0,1.0,1.0,0.0,0.0,0.0,1.0,1.0,1.0
157,157,157,9.0,10.0,bestanden,9.0,10.0,90%,00:08:36,00:00:57,1555414583000000000,1555415182000000000,bestanden,14.0,139.5,278.0,6.0,1.0,1,1.0,1.0,1.0,1.0,0.0,1.0,1.0,1.0,1.0,1.0
158,158,158,6.0,10.0,bestanden,10.0,10.0,100%,00:27:08,00:02:42,1555072311000000000,1555077061000000000,bestanden,232.0,139.5,278.0,6.0,2.0,2,1.0,0.0,1.0,1.0,0.0,0.0,0.0,1.0,1.0,1.0
159,159,159,7.0,10.0,bestanden,10.0,10.0,100%,00:44:21,00:04:26,1556054531000000000,1556061363000000000,bestanden,127.0,139.5,278.0,6.0,2.0,2,1.0,1.0,1.0,1.0,0.0,0.0,0.0,1.0,1.0,1.0
160,160,160,7.0,10.0,bestanden,9.0,10.0,90%,00:16:25,00:01:49,1555668317000000000,1555669692000000000,bestanden,127.0,139.5,278.0,6.0,1.0,1,1.0,1.0,1.0,1.0,0.0,0.0,0.0,1.0,1.0,1.0
161,161,161,6.0,10.0,bestanden,10.0,10.0,100%,00:19:44,00:01:58,1556017511000000000,1556019002000000000,bestanden,232.0,139.5,278.0,6.0,2.0,2,1.0,0.0,1.0,1.0,0.0,0.0,0.0,1.0,1.0,1.0
162,162,162,8.0,10.0,bestanden,10.0,10.0,100%,00:16:43,00:01:40,1555520311000000000,1555521439000000000,bestanden,53.0,139.5,278.0,6.0,2.0,2,1.0,1.0,1.0,1.0,1.0,0.0,0.0,1.0,1.0,1.0
163,163,163,7.0,10.0,bestanden,10.0,10.0,100%,00:46:44,00:04:40,1555363433000000000,1556047044000000000,bestanden,127.0,139.5,278.0,6.0,2.0,2,1.0,0.0,1.0,1.0,0.0,1.0,0.0,1.0,1.0,1.0
164,164,164,6.0,10.0,bestanden,10.0,10.0,100%,00:20:27,00:02:02,1555717701000000000,1555718963000000000,bestanden,232.0,139.5,278.0,6.0,1.0,1,1.0,0.0,1.0,1.0,0.0,0.0,0.0,1.0,1.0,1.0
165,165,165,7.0,10.0,bestanden,7.0,10.0,70%,00:10:19,00:01:28,1556014887000000000,1556015543000000000,bestanden,127.0,139.5,278.0,6.0,1.0,1,1.0,1.0,1.0,1.0,0.0,0.0,0.0,1.0,1.0,1.0
166,166,166,7.0,10.0,bestanden,7.0,10.0,70%,00:28:25,00:04:03,1555543725000000000,1555586985000000000,bestanden,127.0,139.5,278.0,6.0,2.0,2,1.0,1.0,1.0,1.0,0.0,0.0,0.0,1.0,1.0,1.0
167,167,167,6.0,10.0,bestanden,10.0,10.0,100%,00:22:52,00:02:17,1555092378000000000,1555354103000000000,bestanden,232.0,139.5,278.0,6.0,3.0,3,1.0,0.0,1.0,1.0,0.0,0.0,0.0,1.0,1.0,1.0
168,168,168,10.0,10.0,bestanden,10.0,10.0,100%,00:05:46,00:00:34,1554983936000000000,1554984319000000000,bestanden,5.0,139.5,278.0,6.0,1.0,1,1.0,1.0,1.0,1.0,1.0,1.0,1.0,1.0,1.0,1.0
169,169,169,9.0,10.0,bestanden,10.0,10.0,100%,00:18:30,00:01:51,1555925327000000000,1555926467000000000,bestanden,14.0,139.5,278.0,6.0,1.0,1,1.0,1.0,1.0,1.0,1.0,1.0,0.0,1.0,1.0,1.0
170,170,170,6.0,10.0,bestanden,7.0,10.0,70%,00:13:21,00:01:54,1555076634000000000,1555078159000000000,bestanden,232.0,139.5,278.0,6.0,1.0,1,1.0,1.0,1.0,1.0,0.0,0.0,0.0,0.0,1.0,1.0
171,171,171,6.0,10.0,bestanden,10.0,10.0,100%,00:35:50,00:03:35,1555352111000000000,1555428208000000000,bestanden,232.0,139.5,278.0,6.0,2.0,2,1.0,0.0,1.0,1.0,0.0,0.0,0.0,1.0,1.0,1.0
172,172,172,5.0,10.0,nicht bestanden,9.0,10.0,90%,00:26:31,00:02:56,1556051391000000000,1556063659000000000,bestanden,246.0,139.5,278.0,6.0,2.0,2,1.0,0.0,1.0,1.0,0.0,0.0,0.0,1.0,1.0,0.0
173,173,173,6.0,10.0,bestanden,10.0,10.0,100%,00:43:14,00:04:19,1555512897000000000,1555977643000000000,bestanden,232.0,139.5,278.0,6.0,3.0,3,1.0,0.0,1.0,1.0,0.0,0.0,0.0,1.0,1.0,1.0
174,174,174,4.0,10.0,nicht bestanden,10.0,10.0,100%,00:27:58,00:02:47,1555544216000000000,1555546012000000000,bestanden,258.0,139.5,278.0,6.0,1.0,1,1.0,0.0,1.0,1.0,0.0,0.0,0.0,0.0,0.0,1.0
175,175,175,7.0,10.0,bestanden,8.0,10.0,80%,00:52:09,00:06:31,1555542506000000000,1556052787000000000,bestanden,127.0,139.5,278.0,6.0,3.0,3,1.0,1.0,1.0,1.0,0.0,0.0,0.0,1.0,1.0,1.0
176,176,176,7.0,10.0,bestanden,10.0,10.0,100%,00:18:00,00:01:48,1555711475000000000,1555712611000000000,bestanden,127.0,139.5,278.0,6.0,1.0,1,1.0,0.0,1.0,1.0,0.0,1.0,0.0,1.0,1.0,1.0
177,177,177,7.0,10.0,bestanden,10.0,10.0,100%,00:24:39,00:02:27,1555500474000000000,1555502026000000000,bestanden,127.0,139.5,278.0,6.0,1.0,1,1.0,1.0,1.0,1.0,0.0,1.0,0.0,0.0,1.0,1.0
178,178,178,8.0,10.0,bestanden,10.0,10.0,100%,00:39:04,00:03:54,1555604049000000000,1556016451000000000,bestanden,53.0,139.5,278.0,6.0,2.0,2,1.0,1.0,1.0,1.0,0.0,0.0,1.0,1.0,1.0,1.0
179,179,179,7.0,10.0,bestanden,7.0,10.0,70%,00:04:47,00:00:41,1556058216000000000,1556058861000000000,bestanden,127.0,139.5,278.0,6.0,1.0,1,1.0,1.0,1.0,1.0,0.0,0.0,0.0,1.0,1.0,1.0
180,180,180,7.0,10.0,bestanden,8.0,10.0,80%,00:20:39,00:02:34,1554991655000000000,1554993212000000000,bestanden,127.0,139.5,278.0,6.0,1.0,1,1.0,1.0,1.0,1.0,0.0,0.0,0.0,1.0,1.0,1.0
181,181,181,7.0,10.0,bestanden,10.0,10.0,100%,00:26:32,00:02:39,1556049604000000000,1556051323000000000,bestanden,127.0,139.5,278.0,6.0,2.0,2,1.0,0.0,1.0,1.0,0.0,0.0,1.0,1.0,1.0,1.0
182,182,182,4.0,10.0,nicht bestanden,9.0,10.0,90%,00:21:27,00:02:23,1555364962000000000,1555366421000000000,bestanden,258.0,139.5,278.0,6.0,1.0,1,1.0,0.0,1.0,1.0,0.0,0.0,0.0,0.0,1.0,0.0
183,183,183,6.0,10.0,bestanden,6.0,10.0,60%,00:30:42,00:05:07,1554988203000000000,1555353187000000000,bestanden,232.0,139.5,278.0,6.0,3.0,3,1.0,0.0,1.0,1.0,0.0,0.0,0.0,1.0,1.0,1.0
184,184,184,6.0,10.0,bestanden,10.0,10.0,100%,01:08:13,00:06:49,1555866619000000000,1555877207000000000,bestanden,232.0,139.5,278.0,6.0,3.0,3,1.0,0.0,1.0,1.0,0.0,0.0,0.0,1.0,1.0,1.0
185,185,185,7.0,10.0,bestanden,10.0,10.0,100%,00:31:55,00:03:11,1555687381000000000,1555697574000000000,bestanden,127.0,139.5,278.0,6.0,2.0,2,1.0,1.0,1.0,1.0,0.0,0.0,0.0,1.0,1.0,1.0
186,186,186,9.0,10.0,bestanden,10.0,10.0,100%,00:28:12,00:02:49,1556015309000000000,1556017033000000000,bestanden,14.0,139.5,278.0,6.0,1.0,1,1.0,1.0,1.0,1.0,1.0,1.0,0.0,1.0,1.0,1.0
187,187,187,6.0,10.0,bestanden,9.0,10.0,90%,00:43:46,00:04:51,1554984603000000000,1554992477000000000,bestanden,232.0,139.5,278.0,6.0,2.0,2,1.0,1.0,1.0,1.0,0.0,0.0,0.0,0.0,1.0,1.0
188,188,188,7.0,10.0,bestanden,10.0,10.0,100%,00:20:35,00:02:03,1555151477000000000,1555152741000000000,bestanden,127.0,139.5,278.0,6.0,1.0,1,1.0,0.0,1.0,1.0,0.0,1.0,0.0,1.0,1.0,1.0
189,189,189,3.0,10.0,nicht bestanden,9.0,10.0,90%,00:11:01,00:01:13,1555505758000000000,1555507014000000000,bestanden,264.0,139.5,278.0,6.0,1.0,1,0.0,0.0,1.0,1.0,0.0,0.0,0.0,0.0,0.0,1.0
190,190,190,6.0,10.0,bestanden,10.0,10.0,100%,00:36:12,00:03:37,1555507697000000000,1556051649000000000,bestanden,232.0,139.5,278.0,6.0,2.0,2,1.0,0.0,1.0,1.0,0.0,0.0,0.0,1.0,1.0,1.0
191,191,191,6.0,10.0,bestanden,10.0,10.0,100%,00:29:34,00:02:57,1554992161000000000,1554994276000000000,bestanden,232.0,139.5,278.0,6.0,2.0,2,1.0,0.0,1.0,1.0,0.0,0.0,0.0,1.0,1.0,1.0
192,192,192,8.0,10.0,bestanden,10.0,10.0,100%,00:31:24,00:03:08,1555005606000000000,1555007623000000000,bestanden,53.0,139.5,278.0,6.0,2.0,2,1.0,1.0,1.0,1.0,0.0,1.0,0.0,1.0,1.0,1.0
193,193,193,6.0,10.0,bestanden,10.0,10.0,100%,00:45:53,00:04:35,1555967828000000000,1556022074000000000,bestanden,232.0,139.5,278.0,6.0,2.0,2,1.0,0.0,1.0,1.0,0.0,0.0,1.0,0.0,1.0,1.0
194,194,194,6.0,10.0,bestanden,10.0,10.0,100%,00:08:57,00:00:53,1555505632000000000,1555507428000000000,bestanden,232.0,139.5,278.0,6.0,1.0,1,1.0,0.0,1.0,1.0,0.0,0.0,0.0,1.0,1.0,1.0
195,195,195,6.0,10.0,bestanden,7.0,10.0,70%,00:36:52,00:05:16,1556054015000000000,1556062551000000000,bestanden,232.0,139.5,278.0,6.0,3.0,3,1.0,1.0,1.0,1.0,0.0,0.0,0.0,0.0,1.0,1.0
196,196,196,6.0,10.0,bestanden,10.0,10.0,100%,00:12:32,00:01:15,1554984596000000000,1554986248000000000,bestanden,232.0,139.5,278.0,6.0,1.0,1,1.0,1.0,1.0,1.0,0.0,0.0,0.0,1.0,0.0,1.0
197,197,197,7.0,10.0,bestanden,9.0,10.0,90%,00:54:57,00:06:06,1556040492000000000,1556046183000000000,bestanden,127.0,139.5,278.0,6.0,3.0,3,1.0,1.0,1.0,1.0,0.0,0.0,0.0,1.0,1.0,1.0
198,198,198,6.0,10.0,bestanden,10.0,10.0,100%,00:11:25,00:01:08,1555432082000000000,1555433073000000000,bestanden,232.0,139.5,278.0,6.0,1.0,1,1.0,0.0,1.0,1.0,1.0,0.0,0.0,0.0,1.0,1.0
199,199,199,2.0,10.0,nicht bestanden,3.0,10.0,30%,00:02:25,00:00:48,1556063117000000000,1556063478000000000,bestanden,268.0,139.5,278.0,6.0,1.0,1,1.0,0.0,0.0,0.0,0.0,0.0,0.0,0.0,0.0,1.0
200,200,200,6.0,10.0,bestanden,10.0,10.0,100%,00:23:42,00:02:22,1556042839000000000,1556044328000000000,bestanden,232.0,139.5,278.0,6.0,1.0,1,1.0,0.0,1.0,1.0,0.0,0.0,0.0,1.0,1.0,1.0
201,201,201,7.0,10.0,bestanden,9.0,10.0,90%,00:45:56,00:05:06,1555598873000000000,1555814969000000000,bestanden,127.0,139.5,278.0,6.0,2.0,2,1.0,1.0,1.0,1.0,0.0,0.0,1.0,0.0,1.0,1.0
202,202,202,3.0,10.0,nicht bestanden,10.0,10.0,100%,00:09:25,00:00:56,1555027608000000000,1555028273000000000,bestanden,264.0,139.5,278.0,6.0,1.0,1,1.0,0.0,0.0,1.0,0.0,0.0,0.0,0.0,0.0,1.0
203,203,203,0.0,10.0,nicht bestanden,0.0,10.0,0%,00:00:00,00:00:00,1555527991000000000,1555528358000000000,bestanden,278.0,139.5,278.0,6.0,1.0,1,0.0,0.0,0.0,0.0,0.0,0.0,0.0,0.0,0.0,0.0
204,204,204,7.0,10.0,bestanden,10.0,10.0,100%,00:25:27,00:02:32,1555518250000000000,1555519809000000000,bestanden,127.0,139.5,278.0,6.0,1.0,1,1.0,1.0,1.0,1.0,0.0,0.0,0.0,1.0,1.0,1.0
205,205,205,8.0,10.0,bestanden,10.0,10.0,100%,01:01:46,00:06:10,1554999013000000000,1555422199000000000,bestanden,53.0,139.5,278.0,6.0,3.0,3,1.0,1.0,1.0,1.0,0.0,1.0,0.0,1.0,1.0,1.0
206,206,206,7.0,10.0,bestanden,9.0,10.0,90%,00:20:06,00:02:14,1556055006000000000,1556056344000000000,bestanden,127.0,139.5,278.0,6.0,1.0,1,1.0,0.0,1.0,1.0,0.0,1.0,0.0,1.0,1.0,1.0
207,207,207,6.0,10.0,bestanden,7.0,10.0,70%,00:08:52,00:01:16,1555589375000000000,1555590498000000000,bestanden,232.0,139.5,278.0,6.0,1.0,1,1.0,1.0,0.0,1.0,0.0,0.0,0.0,1.0,1.0,1.0
208,208,208,8.0,10.0,bestanden,10.0,10.0,100%,00:35:53,00:03:35,1556057341000000000,1556062100000000000,bestanden,53.0,139.5,278.0,6.0,2.0,2,1.0,1.0,1.0,1.0,0.0,0.0,1.0,1.0,1.0,1.0
209,209,209,9.0,10.0,bestanden,10.0,10.0,100%,00:43:39,00:04:21,1555115383000000000,1555171519000000000,bestanden,14.0,139.5,278.0,6.0,3.0,3,1.0,1.0,1.0,1.0,1.0,0.0,1.0,1.0,1.0,1.0
210,210,210,7.0,10.0,bestanden,8.0,10.0,80%,00:30:00,00:03:45,1555407512000000000,1556013710000000000,bestanden,127.0,139.5,278.0,6.0,2.0,2,1.0,0.0,1.0,1.0,0.0,1.0,0.0,1.0,1.0,1.0
211,211,211,8.0,10.0,bestanden,8.0,10.0,80%,00:27:30,00:03:26,1555604020000000000,1556017217000000000,bestanden,53.0,139.5,278.0,6.0,2.0,2,1.0,1.0,1.0,1.0,0.0,0.0,1.0,1.0,1.0,1.0
212,212,212,7.0,10.0,bestanden,10.0,10.0,100%,00:38:47,00:03:52,1555506827000000000,1555510294000000000,bestanden,127.0,139.5,278.0,6.0,2.0,2,1.0,1.0,1.0,1.0,0.0,1.0,0.0,1.0,0.0,1.0
213,213,213,4.0,10.0,nicht bestanden,9.0,10.0,90%,00:10:48,00:01:12,1556062642000000000,1556063663000000000,bestanden,258.0,139.5,278.0,6.0,1.0,1,1.0,0.0,0.0,1.0,1.0,0.0,0.0,0.0,0.0,1.0
214,214,214,8.0,10.0,bestanden,10.0,10.0,100%,00:46:01,00:04:36,1555681806000000000,1555688778000000000,bestanden,53.0,139.5,278.0,6.0,2.0,2,1.0,1.0,1.0,1.0,0.0,0.0,1.0,1.0,1.0,1.0
215,215,215,10.0,10.0,bestanden,10.0,10.0,100%,00:56:43,00:05:40,1555260379000000000,1555265241000000000,bestanden,5.0,139.5,278.0,6.0,3.0,3,1.0,1.0,1.0,1.0,1.0,1.0,1.0,1.0,1.0,1.0
216,216,216,7.0,10.0,bestanden,8.0,10.0,80%,00:42:24,00:05:18,1556021492000000000,1556055429000000000,bestanden,127.0,139.5,278.0,6.0,2.0,2,1.0,1.0,1.0,1.0,0.0,0.0,0.0,1.0,1.0,1.0
217,217,217,7.0,10.0,bestanden,8.0,10.0,80%,00:43:47,00:05:28,1556027350000000000,1556045536000000000,bestanden,127.0,139.5,278.0,6.0,2.0,2,1.0,1.0,1.0,1.0,0.0,0.0,0.0,1.0,1.0,1.0
218,218,218,8.0,10.0,bestanden,9.0,10.0,90%,00:40:45,00:04:31,1556022425000000000,1556062525000000000,bestanden,53.0,139.5,278.0,6.0,2.0,2,1.0,0.0,1.0,1.0,1.0,0.0,1.0,1.0,1.0,1.0
219,219,219,7.0,10.0,bestanden,10.0,10.0,100%,00:34:50,00:03:29,1555419122000000000,1555425125000000000,bestanden,127.0,139.5,278.0,6.0,2.0,2,1.0,1.0,1.0,1.0,0.0,0.0,1.0,0.0,1.0,1.0
220,220,220,0.0,10.0,nicht bestanden,0.0,10.0,0%,00:00:00,00:00:00,1555936762000000000,1555936797000000000,bestanden,278.0,139.5,278.0,6.0,1.0,1,0.0,0.0,0.0,0.0,0.0,0.0,0.0,0.0,0.0,0.0
221,221,221,8.0,10.0,bestanden,10.0,10.0,100%,01:01:12,00:06:07,1555322857000000000,1555594724000000000,bestanden,53.0,139.5,278.0,6.0,3.0,3,1.0,1.0,1.0,1.0,0.0,1.0,0.0,1.0,1.0,1.0
222,222,222,8.0,10.0,bestanden,10.0,10.0,100%,00:20:31,00:02:03,1556017161000000000,1556018460000000000,bestanden,53.0,139.5,278.0,6.0,1.0,1,1.0,1.0,1.0,1.0,1.0,0.0,0.0,1.0,1.0,1.0
223,223,223,6.0,10.0,bestanden,7.0,10.0,70%,00:05:33,00:00:47,1556042918000000000,1556044052000000000,bestanden,232.0,139.5,278.0,6.0,1.0,1,1.0,1.0,1.0,1.0,0.0,0.0,0.0,0.0,1.0,1.0
224,224,224,6.0,10.0,bestanden,10.0,10.0,100%,00:20:15,00:02:01,1555937946000000000,1555939254000000000,bestanden,232.0,139.5,278.0,6.0,1.0,1,1.0,1.0,1.0,1.0,0.0,0.0,0.0,0.0,1.0,1.0
225,225,225,6.0,10.0,bestanden,7.0,10.0,70%,00:08:40,00:01:14,1555376384000000000,1555424412000000000,bestanden,232.0,139.5,278.0,6.0,2.0,2,1.0,0.0,1.0,1.0,0.0,0.0,0.0,1.0,1.0,1.0
226,226,226,6.0,10.0,bestanden,10.0,10.0,100%,00:52:52,00:05:17,1556032243000000000,1556050118000000000,bestanden,232.0,139.5,278.0,6.0,3.0,3,1.0,1.0,1.0,1.0,0.0,0.0,0.0,1.0,0.0,1.0
227,227,227,7.0,10.0,bestanden,10.0,10.0,100%,00:38:56,00:03:53,1555587781000000000,1555590631000000000,bestanden,127.0,139.5,278.0,6.0,2.0,2,1.0,1.0,1.0,0.0,0.0,1.0,0.0,1.0,1.0,1.0
228,228,228,7.0,10.0,bestanden,10.0,10.0,100%,00:36:28,00:03:38,1555625845000000000,1555629261000000000,bestanden,127.0,139.5,278.0,6.0,2.0,2,0.0,1.0,1.0,1.0,1.0,0.0,0.0,1.0,1.0,1.0
229,229,229,7.0,10.0,bestanden,7.0,10.0,70%,00:03:37,00:00:31,1556018587000000000,1556018850000000000,bestanden,127.0,139.5,278.0,6.0,1.0,1,1.0,1.0,1.0,1.0,0.0,0.0,0.0,1.0,1.0,1.0
230,230,230,6.0,10.0,bestanden,10.0,10.0,100%,00:13:25,00:01:20,1555408662000000000,1555409494000000000,bestanden,232.0,139.5,278.0,6.0,1.0,1,1.0,0.0,1.0,1.0,0.0,0.0,0.0,1.0,1.0,1.0
231,231,231,6.0,10.0,bestanden,10.0,10.0,100%,00:31:33,00:03:09,1555244827000000000,1555251195000000000,bestanden,232.0,139.5,278.0,6.0,2.0,2,1.0,1.0,1.0,0.0,0.0,0.0,0.0,1.0,1.0,1.0
232,232,232,6.0,10.0,bestanden,10.0,10.0,100%,00:20:50,00:02:05,1555412011000000000,1555413319000000000,bestanden,232.0,139.5,278.0,6.0,1.0,1,0.0,0.0,1.0,1.0,0.0,1.0,1.0,1.0,0.0,1.0
233,233,233,7.0,10.0,bestanden,7.0,10.0,70%,00:30:04,00:04:17,1555662664000000000,1556044180000000000,bestanden,127.0,139.5,278.0,6.0,2.0,2,1.0,1.0,1.0,1.0,0.0,0.0,0.0,1.0,1.0,1.0
234,234,234,8.0,10.0,bestanden,9.0,10.0,90%,00:26:26,00:02:56,1555576912000000000,1555589479000000000,bestanden,53.0,139.5,278.0,6.0,2.0,2,1.0,1.0,1.0,1.0,0.0,0.0,1.0,1.0,1.0,1.0
235,235,235,5.0,10.0,nicht bestanden,9.0,10.0,90%,00:17:47,00:01:58,1555603954000000000,1555606015000000000,bestanden,246.0,139.5,278.0,6.0,1.0,1,1.0,0.0,1.0,1.0,0.0,0.0,0.0,0.0,1.0,1.0
236,236,236,7.0,10.0,bestanden,10.0,10.0,100%,00:14:56,00:01:29,1555072130000000000,1555073091000000000,bestanden,127.0,139.5,278.0,6.0,1.0,1,1.0,1.0,1.0,1.0,0.0,0.0,0.0,1.0,1.0,1.0
237,237,237,6.0,10.0,bestanden,10.0,10.0,100%,00:41:47,00:04:10,1555427909000000000,1556042453000000000,bestanden,232.0,139.5,278.0,6.0,2.0,2,1.0,0.0,1.0,1.0,0.0,0.0,0.0,1.0,1.0,1.0
238,238,238,7.0,10.0,bestanden,8.0,10.0,80%,00:11:31,00:01:26,1555092085000000000,1555092888000000000,bestanden,127.0,139.5,278.0,6.0,1.0,1,1.0,1.0,1.0,1.0,0.0,0.0,0.0,1.0,1.0,1.0
239,239,239,8.0,10.0,bestanden,9.0,10.0,90%,00:27:21,00:03:02,1556058362000000000,1556060095000000000,bestanden,53.0,139.5,278.0,6.0,1.0,1,1.0,1.0,1.0,1.0,1.0,1.0,0.0,1.0,1.0,0.0
240,240,240,7.0,10.0,bestanden,9.0,10.0,90%,00:23:38,00:02:37,1555766506000000000,1555768087000000000,bestanden,127.0,139.5,278.0,6.0,1.0,1,1.0,1.0,1.0,1.0,0.0,0.0,0.0,1.0,1.0,1.0
241,241,241,8.0,10.0,bestanden,10.0,10.0,100%,00:16:17,00:01:37,1555339017000000000,1555340091000000000,bestanden,53.0,139.5,278.0,6.0,1.0,1,1.0,1.0,1.0,1.0,0.0,1.0,0.0,1.0,1.0,1.0
242,242,242,8.0,10.0,bestanden,10.0,10.0,100%,00:25:45,00:02:34,1554990093000000000,1554991733000000000,bestanden,53.0,139.5,278.0,6.0,1.0,1,1.0,1.0,1.0,1.0,0.0,0.0,1.0,1.0,1.0,1.0
243,243,243,7.0,10.0,bestanden,9.0,10.0,90%,00:37:04,00:04:07,1555933261000000000,1555972274000000000,bestanden,127.0,139.5,278.0,6.0,2.0,2,1.0,1.0,1.0,1.0,0.0,0.0,0.0,1.0,1.0,1.0
244,244,244,6.0,10.0,bestanden,8.0,10.0,80%,00:33:54,00:04:14,1555950064000000000,1556052586000000000,bestanden,232.0,139.5,278.0,6.0,2.0,2,1.0,1.0,1.0,1.0,0.0,0.0,0.0,1.0,1.0,0.0
245,245,245,6.0,10.0,bestanden,7.0,10.0,70%,00:01:32,00:00:13,1555418565000000000,1555418704000000000,bestanden,232.0,139.5,278.0,6.0,1.0,1,1.0,0.0,1.0,1.0,0.0,0.0,0.0,1.0,1.0,1.0
246,246,246,9.0,10.0,bestanden,10.0,10.0,100%,00:11:51,00:01:11,1555077489000000000,1555096536000000000,bestanden,14.0,139.5,278.0,6.0,2.0,2,1.0,1.0,1.0,1.0,0.0,1.0,1.0,1.0,1.0,1.0
247,247,247,5.0,10.0,nicht bestanden,10.0,10.0,100%,00:38:04,00:03:48,1555410303000000000,1555429072000000000,bestanden,246.0,139.5,278.0,6.0,3.0,3,1.0,1.0,0.0,1.0,0.0,0.0,0.0,0.0,1.0,1.0
248,248,248,7.0,10.0,bestanden,10.0,10.0,100%,00:39:30,00:03:57,1556058996000000000,1556061539000000000,bestanden,127.0,139.5,278.0,6.0,2.0,2,1.0,1.0,1.0,1.0,0.0,0.0,0.0,1.0,1.0,1.0
249,249,249,5.0,10.0,nicht bestanden,9.0,10.0,90%,00:29:39,00:03:17,1555363981000000000,1555367622000000000,bestanden,246.0,139.5,278.0,6.0,3.0,3,1.0,1.0,1.0,1.0,0.0,0.0,0.0,0.0,1.0,0.0
250,250,250,6.0,10.0,bestanden,7.0,10.0,70%,00:06:02,00:00:51,1555422899000000000,1555423697000000000,bestanden,232.0,139.5,278.0,6.0,1.0,1,1.0,0.0,1.0,1.0,0.0,0.0,0.0,1.0,1.0,1.0
251,251,251,7.0,10.0,bestanden,9.0,10.0,90%,00:28:36,00:03:10,1556046502000000000,1556052931000000000,bestanden,127.0,139.5,278.0,6.0,2.0,2,1.0,0.0,1.0,1.0,0.0,1.0,0.0,1.0,1.0,1.0
252,252,252,8.0,10.0,bestanden,10.0,10.0,100%,00:19:54,00:01:59,1555864196000000000,1555865449000000000,bestanden,53.0,139.5,278.0,6.0,1.0,1,1.0,0.0,1.0,1.0,1.0,1.0,0.0,1.0,1.0,1.0
253,253,253,6.0,10.0,bestanden,6.0,10.0,60%,00:08:31,00:01:25,1556061789000000000,1556062502000000000,bestanden,232.0,139.5,278.0,6.0,2.0,2,1.0,1.0,1.0,1.0,0.0,0.0,0.0,0.0,1.0,1.0
254,254,254,3.0,10.0,nicht bestanden,4.0,10.0,40%,00:06:05,00:01:31,1556060467000000000,1556060939000000000,bestanden,264.0,139.5,278.0,6.0,1.0,1,1.0,0.0,1.0,1.0,0.0,0.0,0.0,0.0,0.0,0.0
255,255,255,8.0,10.0,bestanden,10.0,10.0,100%,00:54:33,00:05:27,1555507799000000000,1556044249000000000,bestanden,53.0,139.5,278.0,6.0,3.0,3,1.0,1.0,1.0,1.0,1.0,0.0,0.0,1.0,1.0,1.0
256,256,256,6.0,10.0,bestanden,6.0,10.0,60%,00:01:22,00:00:13,1555425053000000000,1555425170000000000,bestanden,232.0,139.5,278.0,6.0,1.0,1,1.0,0.0,1.0,1.0,0.0,0.0,0.0,1.0,1.0,1.0
257,257,257,6.0,10.0,bestanden,10.0,10.0,100%,00:49:32,00:04:57,1555347291000000000,1556060287000000000,bestanden,232.0,139.5,278.0,6.0,3.0,3,1.0,1.0,1.0,1.0,0.0,0.0,0.0,0.0,1.0,1.0
258,258,258,9.0,10.0,bestanden,10.0,10.0,100%,00:39:19,00:03:55,1554982886000000000,1554992841000000000,bestanden,14.0,139.5,278.0,6.0,2.0,2,1.0,1.0,1.0,1.0,1.0,0.0,1.0,1.0,1.0,1.0
259,259,259,6.0,10.0,bestanden,10.0,10.0,100%,00:40:39,00:04:03,1555881248000000000,1555941891000000000,bestanden,232.0,139.5,278.0,6.0,2.0,2,1.0,0.0,1.0,1.0,1.0,0.0,0.0,0.0,1.0,1.0
260,260,260,6.0,10.0,bestanden,7.0,10.0,70%,00:17:22,00:02:28,1555437174000000000,1556061518000000000,bestanden,232.0,139.5,278.0,6.0,2.0,2,1.0,0.0,1.0,1.0,0.0,0.0,0.0,1.0,1.0,1.0
261,261,261,8.0,10.0,bestanden,10.0,10.0,100%,00:43:08,00:04:18,1555792214000000000,1555795541000000000,bestanden,53.0,139.5,278.0,6.0,2.0,2,1.0,1.0,1.0,1.0,1.0,1.0,0.0,1.0,0.0,1.0
262,262,262,10.0,10.0,bestanden,10.0,10.0,100%,00:08:40,00:00:52,1555426306000000000,1555426862000000000,bestanden,5.0,139.5,278.0,6.0,1.0,1,1.0,1.0,1.0,1.0,1.0,1.0,1.0,1.0,1.0,1.0
263,263,263,7.0,10.0,bestanden,10.0,10.0,100%,00:10:04,00:01:00,1556053554000000000,1556055087000000000,bestanden,127.0,139.5,278.0,6.0,1.0,1,1.0,1.0,1.0,1.0,1.0,0.0,0.0,0.0,1.0,1.0
264,264,264,7.0,10.0,bestanden,8.0,10.0,80%,00:18:38,00:02:19,1555081714000000000,1555507414000000000,bestanden,127.0,139.5,278.0,6.0,2.0,2,1.0,1.0,1.0,1.0,0.0,0.0,0.0,1.0,1.0,1.0
265,265,265,7.0,10.0,bestanden,10.0,10.0,100%,00:29:12,00:02:55,1555240699000000000,1555243403000000000,bestanden,127.0,139.5,278.0,6.0,2.0,2,1.0,0.0,1.0,1.0,0.0,0.0,1.0,1.0,1.0,1.0
266,266,266,7.0,10.0,bestanden,10.0,10.0,100%,00:14:36,00:01:27,1555344226000000000,1555345471000000000,bestanden,127.0,139.5,278.0,6.0,1.0,1,0.0,0.0,1.0,1.0,0.0,1.0,1.0,1.0,1.0,1.0
267,267,267,8.0,10.0,bestanden,10.0,10.0,100%,00:15:34,00:01:33,1555598705000000000,1555600251000000000,bestanden,53.0,139.5,278.0,6.0,1.0,1,1.0,1.0,1.0,1.0,1.0,0.0,0.0,1.0,1.0,1.0
268,268,268,7.0,10.0,bestanden,8.0,10.0,80%,00:09:16,00:01:09,1556042433000000000,1556043565000000000,bestanden,127.0,139.5,278.0,6.0,1.0,1,1.0,1.0,1.0,1.0,0.0,0.0,0.0,1.0,1.0,1.0
269,269,269,8.0,10.0,bestanden,10.0,10.0,100%,00:28:32,00:02:51,1555421300000000000,1555427218000000000,bestanden,53.0,139.5,278.0,6.0,2.0,2,1.0,1.0,1.0,1.0,0.0,1.0,1.0,0.0,1.0,1.0
270,270,270,4.0,10.0,nicht bestanden,10.0,10.0,100%,00:27:53,00:02:47,1555608051000000000,1556055017000000000,bestanden,258.0,139.5,278.0,6.0,3.0,3,1.0,0.0,0.0,1.0,0.0,0.0,0.0,0.0,1.0,1.0
271,271,271,7.0,10.0,bestanden,10.0,10.0,100%,01:13:55,00:07:23,1556016439000000000,1556063247000000000,bestanden,127.0,139.5,278.0,6.0,3.0,3,1.0,1.0,1.0,1.0,0.0,0.0,0.0,1.0,1.0,1.0
272,272,272,6.0,10.0,bestanden,10.0,10.0,100%,00:22:29,00:02:14,1555874353000000000,1555876254000000000,bestanden,232.0,139.5,278.0,6.0,2.0,2,1.0,1.0,1.0,1.0,0.0,0.0,0.0,0.0,1.0,1.0
273,273,273,6.0,10.0,bestanden,7.0,10.0,70%,00:04:40,00:00:40,1555423751000000000,1555424071000000000,bestanden,232.0,139.5,278.0,6.0,1.0,1,1.0,0.0,1.0,1.0,0.0,0.0,0.0,1.0,1.0,1.0
274,274,274,7.0,10.0,bestanden,10.0,10.0,100%,00:19:48,00:01:58,1555424842000000000,1555426128000000000,bestanden,127.0,139.5,278.0,6.0,1.0,1,1.0,1.0,0.0,0.0,0.0,1.0,1.0,1.0,1.0,1.0
275,275,275,6.0,10.0,bestanden,10.0,10.0,100%,01:01:25,00:06:08,1556038941000000000,1556045606000000000,bestanden,232.0,139.5,278.0,6.0,3.0,3,1.0,0.0,1.0,1.0,0.0,0.0,0.0,1.0,1.0,1.0
276,276,276,5.0,10.0,nicht bestanden,7.0,10.0,70%,00:30:06,00:04:18,1556060943000000000,1556063677000000000,bestanden,246.0,139.5,278.0,6.0,2.0,2,1.0,1.0,1.0,0.0,0.0,0.0,0.0,0.0,1.0,1.0
277,277,277,6.0,10.0,bestanden,7.0,10.0,70%,00:29:16,00:04:10,1555330545000000000,1555334173000000000,bestanden,232.0,139.5,278.0,6.0,2.0,2,1.0,1.0,1.0,1.0,0.0,0.0,0.0,0.0,1.0,1.0
